target,mutation,domain,uniprot,pdbs,lining
KRAS,G12C,SwitchII,P01116,6OIM,60,61,62,63,64,65,66,67,68,69,70,71,72,73,74,75,76,95,96
KRAS,G12D,SwitchII,P01116,6GJ8,60,61,62,63,64,65,66,67,68,69,70,71,72,73,74,75,76,95,96
BRAF,V600E,KinaseHinge,P15056,6P3D,464,465,466,467,468,469,470,471,472,505,506,507,508
EGFR,L858R,KinaseHinge,P00533,4LQM,743,744,745,746,790,791,792,793,794,795,796,797
EGFR,T790M,KinaseHinge,P00533,2JIT,766,767,768,769,770,790,791,792,793,794,795,796,797
PIK3CA,H1047R,Kinase,P42336,3HHM,1043,1044,1045,1046,1047,1048,1049,1050
TP53,R175H,DNABinding,P04637,2OCJ,173,174,175,176,177,178,179,220,245,248,249
TP53,R248Q,DNABinding,P04637,2BIM,173,174,175,176,177,178,179,220,245,248,249
NRAS,Q61R,SwitchII,P01111,5UHV,60,61,62,63,64,65,66,67,68,69,70,71,72,73,74,75,76
HRAS,G12V,SwitchII,P01112,4Q21,60,61,62,63,64,65,66,67,68,69,70,71,72,73,74,75,76
ALK,F1174L,KinaseHinge,Q9UM73,4ANS,1150,1151,1152,1153,1174,1175,1176,1196,1197,1198
MET,Y1003,JuxtaMembrane,P08581,2RFS,1000,1001,1002,1003,1004,1005,1006,1007
IDH1,R132H,ActiveSite,O75874,3INM,100,109,130,131,132,133,134,170,171
FGFR3,S249C,Extracellular,P22607,4K33,245,246,247,248,249,250,251,252,253
RET,M918T,KinaseHinge,P07949,2IVT,804,805,806,807,808,809,810,918
KIT,D816V,ActivationLoop,P10721,1T46,810,811,812,813,814,815,816,817,818
PDGFRA,D842V,ActivationLoop,P16234,5GRN,838,839,840,841,842,843,844,845,846
AKT1,E17K,PHDomain,P31749,3O96,14,15,16,17,18,19,20,21,22
CTNNB1,S45F,PhosphoSite,P35222,1JDH,33,34,37,41,45,46,47,48
MTOR,S2215Y,FRBDomain,P42345,4DRJ,2210,2211,2212,2213,2214,2215,2216,2217,2218
